"SiteID","HYBAS_ID","log_CVc","log_CVe","log_Delta","log_Psi","log_omega","s_nat_rich_covar","s_inv_rel_abund","yrs_with_intro","s_inv_rich","s_spat_btw_c","b_spat_wc_mean_c","s_spat_btw","b_spat_wc_mean"
"S10075",7070453370,-0.442748311522231,0.0905337090269853,-0.0874020108804372,-0.279814669243455,-0.166065340425324,5,0.107692307692308,7,1,-0.00352576421580218,25.1207911150179,0.000889613759359478,90.0190455212922
"S10086",2070514170,-0.477433280444784,0.11447583833897,-0.0412097086583234,-0.306060034980859,-0.244639375144571,9,0.195225145843461,10,6,-0.00441537797516166,-12.546489700392,0,52.3517647058824
"S10091",7070453370,-0.206197658312711,0.246294124783074,-0.0328946206970162,-0.248359400859239,-0.17123776153953,5,0.333333333333333,6,1,-0.00352576421580218,25.1207911150179,0.000889613759359478,90.0190455212922
"S10201",2070513970,0.12979302745239,0.338871909409106,0.147616646277748,-0.272799735600648,-0.0838957926338158,6,0.009009009009009,7,2,-0.00441537797516166,14.5287281373665,0,79.4269825436409
"S10326",2070513970,-0.888104033415499,-0.36578696524359,0.0274741867995823,-0.344000083711093,-0.205791171260399,4,0,1,1,0.0010676319086851,14.5287281373665,0.00548300988384676,79.4269825436409
"S10447",7070546670,-1.04958678928326,-0.00503376421384472,-0.185411731186838,-0.221533192613639,-0.637608101268942,21,0.0106007067137809,20,1,-0.00441537797516166,-60.5554766284966,0,4.34277777777778
"S10456",2070513970,-0.952877902816778,-0.358842426265045,-0.0597994110177575,-0.450933038925304,-0.0833030266086714,3,0,0,0,-0.00441537797516166,14.5287281373665,0,79.4269825436409
"S10577",2070513970,-0.575659016183615,-0.157871699225851,-0.08456286887701,-0.252837763310042,-0.0803866847707123,4,0,1,1,-0.00203459736770188,14.5287281373665,0.00238078060745978,79.4269825436409
"S10804",2070513970,-0.236280479743549,0.145621843707589,-0.0016532655629333,-0.21631370428468,-0.163935353603525,7,0.0210526315789474,7,1,0.00142835624314871,14.5287281373665,0.00584373421831037,79.4269825436409
"S10916",2070513970,0.118685315526682,0.522997592499938,0.0226489755017103,-0.221553177644403,-0.205408074830564,5.5,0.0376121463077985,7,2,-0.00232317683527276,14.5287281373665,0.0020922011398889,79.4269825436409
"S10944",7070451570,-0.699035889678485,-0.381112496535751,-0.0750878357322936,-0.18212176178455,-0.0607137956258906,9,0.0102040816326531,1,1,0.00478002432368891,-30.8933905930448,0.00919540229885057,34.0048638132296
"S10956",7070451570,-1.36577734695479,-0.646200090638345,-0.0698125174753956,-0.371035776402565,-0.278728962438489,6,0,0,0,-0.00441537797516166,-30.8933905930448,0,34.0048638132296
"S11025",7070451570,-1.87543755867938,-0.253762343459957,0.0324349026664039,-0.715360964467066,-0.938749153418761,15,0,0,0,0.0645501392662177,-30.8933905930448,0.0689655172413793,34.0048638132296
"S11036",2070513970,-0.512013660016524,-0.102307951673421,-0.000377640555252857,-0.342122265734196,-0.067205802053654,6,0.0454545454545454,1,1,-0.00441537797516166,14.5287281373665,0,79.4269825436409
"S11039",7070451570,-1.92611177593957,-1.24185411618073,-0.191888678968394,-0.484790434870565,-0.00757854591987837,9.5,0,0,0,0.0645501392662177,-30.8933905930448,0.0689655172413793,34.0048638132296
"S11061",7070451570,-0.0328360091645905,-0.152791669942665,0.132814556619106,-0.0105137340399187,-0.00234516180111289,8,0,0,0,0.0507570358179418,-30.8933905930448,0.0551724137931034,34.0048638132296
"S11072",7070451570,-1.53090874905652,-0.552962901071329,0.0434754705496712,-0.5115167059961,-0.509904612538762,8.5,0,0,0,0.0507570358179418,-30.8933905930448,0.0551724137931034,34.0048638132296
"S11116",7070451570,-0.322257223560659,-0.155009423262237,0.0576840602837687,-0.163948422513792,-0.0609834380683981,8,0.0059880239520958,4,1,0.0507570358179418,-30.8933905930448,0.0551724137931034,34.0048638132296
"S11150",2070513970,-1.14056228336151,-0.0909660517128051,-0.0286786837757582,-0.484006730813693,-0.536910817059258,7,0.0727272727272727,5,3,-0.00311677037109269,14.5287281373665,0.00129860760406897,79.4269825436409
"S11208",7070451570,-0.748648854895448,-0.614444580778344,0.148479315937111,-0.2733318300135,-0.0093517600407155,6,0,1,1,-0.00441537797516166,-30.8933905930448,0,34.0048638132296
"S11219",7070451570,-0.559418677494706,-0.313598879362774,0.0595336911142221,-0.135226810539308,-0.170126678706846,9,0,1,1,-0.00441537797516166,-30.8933905930448,0,34.0048638132296
"S11230",7070451570,-0.523735338970903,-0.301855561910154,-0.00769956253089341,-0.112692840714644,-0.101487373815212,8,0,0,0,-0.00441537797516166,-30.8933905930448,0,34.0048638132296
"S11252",7070451570,-0.541570791621631,0.0727059660361369,0.0985163263259019,-0.345001689776332,-0.367791394207338,9,0,0,0,0.0139754266225395,-30.8933905930448,0.0183908045977011,34.0048638132296
"S11263",2070513970,-0.629257556498266,-0.199094912403679,0.0298715214452385,-0.310609164492537,-0.149425001047289,6,0.0075187969924812,5,3,-0.0038382190400199,14.5287281373665,0.000577158935141765,79.4269825436409
"S11265",7070451570,-0.687781676670343,-0.402916200387233,-0.0503078693689999,-0.109545603459185,-0.125012003454925,12,0.00229357798165137,2,1,-0.00441537797516166,-30.8933905930448,0,34.0048638132296
"S11277",7070451570,-0.508339372948025,-0.370496146762026,0.0206859122573629,-0.0815441365974608,-0.0769850018459011,8,0,0,0,-0.00441537797516166,-30.8933905930448,0,34.0048638132296
"S11289",7070451570,-0.795970765887149,-0.252709260978819,0.0121481522985311,-0.307992937121209,-0.247416720085651,6.5,0.0177579365079365,2,1,-0.00441537797516166,-30.8933905930448,0,34.0048638132296
"S11301",7070451570,-0.226397769694837,0.10977932847926,0.0160653637261624,-0.554499241484358,0.202256779584098,4,0,0,0,NA,-30.8933905930448,NA,34.0048638132296
"S11314",7070451570,-1.2082996507253,-0.682913952638532,-0.101951246698575,-0.341277201812881,-0.0821572495753074,4,0,0,0,NA,-30.8933905930448,NA,34.0048638132296
"S1134",2070493320,-0.344238744750413,-0.0512848746264811,-0.0302563024559185,-0.118698680523525,-0.143998887144488,9,0,1,2,-0.00389373535584979,21.7557455937256,0.000521642619311876,86.654
"S1135",2070493320,-1.41694408983911,-1.17544722598031,-0.0543088646363661,-0.187181450558038,-6.54866440091527e-06,3,0,1,1,-0.00441537797516166,21.7557455937256,0,86.654
"S11382",2070513970,-0.563693392371622,-0.260595591879453,-0.000598934381547453,-0.21153297154697,-0.0909658945636518,4,0.0161290322580645,5,3,-0.00441537797516166,14.5287281373665,0,79.4269825436409
"S11497",2070514170,0.821936385275103,0.603316035548131,0.284175343775264,-0.322055525788873,0.256500531740581,4,0.0620842572062084,6,4,-0.00231476990440434,-12.546489700392,0.00210060807075732,52.3517647058824
"S1155",2070022040,-0.282399062142178,-0.129147237225346,0.0416883633726182,-0.115944074851225,-0.0789961134382249,7,0,2,2,-0.00198347136037567,-34.6290236370436,0.00243190661478599,30.2692307692308
"S11610",7070546670,-0.851735165671115,-0.0146709110813858,-0.1380206038856,-0.183871443698543,-0.515172207005586,21,0.0102040816326531,18,1,0.0298311973673041,-60.5554766284966,0.0342465753424658,4.34277777777778
"S11617",2070514170,-0.285357734492821,0.0461539511619979,-0.0355630554999589,-0.340662412083758,0.0447137819288985,3,0.0265957446808511,8,2,-0.00231476990440434,-12.546489700392,0.00210060807075732,52.3517647058824
"S1163",2070022040,-0.636813777333004,-0.323061617556852,-0.0297160656394803,-0.131855878273224,-0.152180215863448,6,0,4,1,-6.83449012317001e-05,-34.6290236370436,0.00434703307392996,30.2692307692308
"S1172",2070022040,-0.961705905671265,-0.622226754309051,0.0270176037052363,-0.25272594586578,-0.11377080920167,3,0,0,0,-0.00398979431757411,-34.6290236370436,0.000425583657587549,30.2692307692308
"S1174",2070022040,-1.11057580012331,-1.02113320636748,0.00799216769252872,-0.288452125580292,0.19101736413193,3,0.000440140845070423,1,1,-0.00441537797516166,-34.6290236370436,0,30.2692307692308
"S11783",2070513970,-0.135194299846585,0.035136042608908,-0.0288545175408925,-0.119258391513319,-0.0222174334012815,4,0,1,1,-0.00441537797516166,14.5287281373665,0,79.4269825436409
"S11803",2070513970,-0.539615395647807,0.135085355548579,0.00347200817579294,-0.544504396131396,-0.133668363240784,5.5,0.215213741443885,8,4,-0.00203459736770188,14.5287281373665,0.00238078060745978,79.4269825436409
"S1181",2070022040,-0.354374175697653,-0.260555840295162,0.0295307651525051,-0.0840984035509079,-0.0392506970040876,8,0,3,1,-0.000463529726134424,-34.6290236370436,0.00395184824902724,30.2692307692308
"S11815",2070513970,0.363584797859872,0.336746518479175,0.165291949811523,-0.125101265301802,-0.0133524051290238,12,0.0833785352670245,8,7,-0.00152958329945284,14.5287281373665,0.00288579467570882,79.4269825436409
"S11829",2070513970,0.132339136540142,0.285482804471634,0.0679231366924068,-0.212888440433326,-0.00817836419057223,6.5,0.0221989915139589,9,3,0.0350839366486029,14.5287281373665,0.0394993146237645,79.4269825436409
"S11848",2070513970,-1.21915656520351,-0.352792158077588,-0.142615402196181,-0.261940623862664,-0.461808381067075,10,0.0222127900396152,7,2,0.042406640638214,14.5287281373665,0.0468220186133757,79.4269825436409
"S11860",2070513970,-1.49528744033125,-0.218999425400705,0.00675503188087317,-0.648819442428439,-0.634223604382979,7,0.00213675213675213,2,2,0.00820997373106444,14.5287281373665,0.0126253517062261,79.4269825436409
"S11877",7070546670,-0.677680625139551,0.0507524018844705,-0.138331219669263,-0.158241784187997,-0.431860023166762,23,0.00404040404040404,18,1,0.0298311973673041,-60.5554766284966,0.0342465753424658,4.34277777777778
"S11985",7070546670,-0.875471233247587,0.0121197332719691,-0.108478817018621,-0.202486491435062,-0.576625658065874,21,0.00704225352112676,16,1,0.0298311973673041,-60.5554766284966,0.0342465753424658,4.34277777777778
"S12134",5070603260,-0.679817442714554,-0.485819687148551,-0.15298706446078,-0.104774532604986,0.0637638414997632,1.5,0.151209677419355,8,2,-0.00330831191312338,72.627078927059,0.00110706606203828,137.525333333333
"S12135",5070603260,-0.428383084244165,-0.266515146029492,-0.101669044750474,-0.130933210494447,0.0707343170302489,1.5,0.737932584269663,8,2,-0.00384055521218025,72.627078927059,0.000574822762981414,137.525333333333
"S12137",5070603260,-1.17509286938905,-0.262075441852933,0.0173575785349517,-1.06048258866433,0.130107582593262,3,0.144736842105263,6,2,-0.00441537797516166,72.627078927059,0,137.525333333333
"S12139",5070603260,-1.02429150355762,-0.355672828962061,-0.0274486256057601,-0.541448551229058,-0.0997214977607447,3,0.350383631713555,8,4,-0.00441537797516166,72.627078927059,0,137.525333333333
"S12141",5070603260,-0.812982774022485,-0.511682780498362,-0.0727600848716866,-0.315854357424328,0.0873144487718925,2,0.0627805145046524,8,2,-0.00275477888210424,72.627078927059,0.00166059909305742,137.525333333333
"S12219",7070546670,-0.76750800775592,0.029041517426518,-0.0996174876287759,-0.187106651398687,-0.509825386154975,19,0.0087719298245614,16,1,0.0298311973673041,-60.5554766284966,0.0342465753424658,4.34277777777778
"S1222",2070022040,-0.615146546920675,-0.625567706080089,0.089332113614625,-0.0743591098692419,-0.00455184458596901,5,0,0,0,-0.00383780015414999,-34.6290236370436,0.000577577821011673,30.2692307692308
"S1223",2070022040,-1.05129131247005,-0.879926391378819,-0.0358155568128747,-0.0869840913157626,-0.0485652729625973,5,0,0,0,-0.00441537797516166,-34.6290236370436,0,30.2692307692308
"S1225",2070022040,-1.32560278715348,-0.551376226972764,0.0372102769934768,-0.491619207258165,-0.31981762991603,5.5,0,0,0,-0.000524327391504074,-34.6290236370436,0.00389105058365759,30.2692307692308
"S12292",7070546670,-0.790873039930195,0.12068024976839,-0.100539729064149,-0.210768585815511,-0.600244974818925,17,0,9,1,0.0298311973673041,-60.5554766284966,0.0342465753424658,4.34277777777778
"S12428",7070642870,-0.980941101263937,-0.491171384719205,-0.129464606799088,-0.226494716069694,-0.133810393675951,11,0,0,0,-0.0039738768714089,-33.0185025452322,0.000441501103752759,31.8797518610422
"S12431",7070642870,-1.16730990882935,-0.480202599627624,-0.168026087444798,-0.214602609031861,-0.304478612725064,18,0,0,0,-0.00371107859536559,-33.0185025452322,0.000704299379796069,31.8797518610422
"S12486",7070642870,-0.802748222263269,-0.578669603878688,0.0415829657297207,-0.133374899819348,-0.132286684294954,9.5,0,0,0,-0.00441537797516166,-33.0185025452322,0,31.8797518610422
"S12488",7070642870,-0.935787520888824,-0.452678836135565,-0.0436034125148267,-0.174260513661441,-0.265244758576992,13.5,0,0,0,-0.00426821094057741,-33.0185025452322,0.000147167034584253,31.8797518610422
"S12490",7070642870,-0.898935823587291,-0.546760945662209,-0.00826786746350716,-0.136245778204118,-0.207661232257457,15.5,0,0,0,-0.0039423410782837,-33.0185025452322,0.000473036896877956,31.8797518610422
"S12492",7070642870,-0.920944602874628,-0.191988255837094,-0.0625584125207552,-0.249641930002543,-0.416756004514235,14,0,0,0,-0.00441537797516166,-33.0185025452322,0,31.8797518610422
"S12493",7070642870,-1.75592507135523,-0.561416250940072,-0.0896328757652947,-0.498613716414848,-0.606262228235014,21,0,0,0,-0.00376363825057425,-33.0185025452322,0.000651739724587407,31.8797518610422
"S12494",7070642870,-1.02170157460983,-0.328629071986948,-0.116335382172572,-0.207962904430246,-0.368774216020069,19.5,0,1,1,-0.00245315084737162,-33.0185025452322,0.00196222712779004,31.8797518610422
"S12495",7070642870,-1.3293133146308,-0.505020164712386,0.0419657112514476,-0.29713835807504,-0.569120503094822,12,0,0,0,-0.00422966719342439,-33.0185025452322,0.000185710781737272,31.8797518610422
"S12498",7070656320,-0.0576171825328595,-0.123196906932563,0.140195143409791,-0.037695768550476,-0.0369196504596116,10,0,0,0,-0.00401570228343723,37.3977455937256,0.000399675691724429,102.296
"S12499",7070656320,-0.70324295191341,-0.326852694040801,-0.0199069468796167,-0.166704188800854,-0.189779122192139,10.5,0,0,0,-0.0041184760327378,37.3977455937256,0.000296901942423862,102.296
"S12507",7070656320,-1.75788565873594,-0.427018791789876,0.0803993067371432,-0.62107147931224,-0.79019469437097,12,0,0,0,-0.00441537797516166,37.3977455937256,0,102.296
"S12508",7070656320,-1.4063968488735,-0.563383669428698,-0.00352830811600208,-0.303076384116718,-0.536408487212085,18,0,0,0,-0.00418699186560484,37.3977455937256,0.000228386109556817,102.296
"S12513",7070656320,-0.468713478277434,-0.431710904604887,0.0837464482644129,-0.110306037457317,-0.0104429844796434,10.5,0,0,0,-0.00290802965208667,37.3977455937256,0.00150734832307499,102.296
"S12515",7070656320,-0.67203770792521,-0.338820672620198,-0.0164651523353064,-0.1074071944009,-0.209344688568806,14,0,0,0,-0.00441537797516166,37.3977455937256,0,102.296
"S12517",7070656320,-0.674943501430555,-0.496410139424803,0.045728892524271,-0.0900401738215679,-0.134222080708455,12,0,0,0,-0.00441537797516166,37.3977455937256,0,102.296
"S12519",7070656320,-0.871617123825516,-0.480097399668447,0.0299170534417374,-0.131071861345478,-0.290364916253328,19.5,0,0,0,-0.00127506896875543,37.3977455937256,0.00314030900640623,102.296
"S12520",7070656320,-2.55402341551946,-1.0824285257555,0.0245229331567864,-0.564274596583283,-0.93184322633746,12,0,0,0,-0.00441537797516166,37.3977455937256,0,102.296
"S12523",7070656320,-0.709879671240186,-0.434083636270243,0.00308357816467725,-0.109557811884008,-0.169321801250612,15,0,0,0,-0.00253119257131792,37.3977455937256,0.00188418540384374,102.296
"S12526",7070656320,-1.29810286581523,-0.574940108545489,-0.02942385012066,-0.326211272208044,-0.367527634941033,15.5,0,0,0,-0.00441537797516166,37.3977455937256,0,102.296
"S12536",7070642870,-0.723157461505659,-0.355058225652094,-0.112293566683506,-0.157606905333471,-0.0981987638365882,5,0,1,1,-0.00441537797516166,-33.0185025452322,0,31.8797518610422
"S12537",7070642870,-1.00773881737312,-0.54430804478772,-0.0754436669411346,-0.163294779856294,-0.224692325787969,19,0,0,0,-0.00271770111192188,-33.0185025452322,0.00169767686323978,31.8797518610422
"S12540",7070642870,-1.6165488217109,-0.945111206806982,-0.182112620019918,-0.335198277322297,-0.154126717561707,6,0,0,0,-0.00441537797516166,-33.0185025452322,0,31.8797518610422
"S12567",7070642870,-1.07846050432881,-0.574755306260771,0.0500292255058809,-0.317262704363383,-0.236471719210538,18,0,0,0,-0.00402293254960365,-33.0185025452322,0.000392445425558008,31.8797518610422
"S12580",7070642870,-1.01094136527357,-0.438996981486678,-0.0211031421950962,-0.193092576718409,-0.357748664873383,17,0,0,0,-0.00406498027377058,-33.0185025452322,0.000350397701391079,31.8797518610422
"S12583",7070642870,-1.51948655825553,-0.569507055482026,-0.0150313040392019,-0.338655075213194,-0.596293123521107,12.5,0,0,0,-0.00426821094057741,-33.0185025452322,0.000147167034584253,31.8797518610422
"S12587",7070642870,-0.531206835203631,-0.300054121246581,-0.00219833674368133,-0.101054370352141,-0.127900006861228,14,0,0,0,-0.00419813140029919,-33.0185025452322,0.000217246574862469,31.8797518610422
"S12597",7070642870,-1.24667634573628,-0.405329709687194,-0.127729053989661,-0.584435038421587,-0.129182543637837,12,0,0,0,-0.00441537797516166,-33.0185025452322,0,31.8797518610422
"S12606",7070648760,-1.35752141638353,-0.789944724043674,-0.0785951596515918,-0.227352331738293,-0.261629200949973,16,0,0,0,-0.00263620476741702,6.385381957362,0.00177917320774464,71.2836363636364
"S12607",7070648760,-1.58597067604922,-0.589555703733876,0.0341383450813717,-0.517134500280189,-0.51341881711653,18,0,0,0,-0.000543059817129217,6.385381957362,0.00387231815803244,71.2836363636364
"S12609",7070648760,-1.51427625702624,-0.730108125154257,-0.0999207844687531,-0.209908694852158,-0.474338652551068,20.5,0,0,0,-0.000857031559672389,6.385381957362,0.00355834641548927,71.2836363636364
"S12611",7070648760,-1.47105089712174,-0.820373131188136,-0.0747744192651306,-0.225511349546496,-0.350391997121972,14.5,0,0,0,-0.00441537797516166,6.385381957362,0,71.2836363636364
"S12612",7070648760,-0.655237845056243,-0.352913811321873,-0.00690749216818608,-0.13390673771796,-0.161509803848223,17,0,0,0,-0.00441537797516166,6.385381957362,0,71.2836363636364
"S12613",7070648760,-2.24698090221951,-0.501995989027452,0.076423489599185,-0.560997786279523,-1.26041061651172,21,0,0,0,0.00181172825194457,6.385381957362,0.00622710622710623,71.2836363636364
"S12615",7070648760,-0.807545982471158,-0.399470488340149,-0.0110335400734768,-0.135166846725727,-0.261875107331805,19,0,0,0,-0.00378743449007532,6.385381957362,0.000627943485086342,71.2836363636364
"S12617",7070648760,-1.6135546214868,-0.450289675055072,-0.0835579220336936,-0.354752324529682,-0.724954699868356,21,0,0,0,-0.000752374312157998,6.385381957362,0.00366300366300366,71.2836363636364
"S12618",7070648760,-0.320189560509457,-0.214529209607867,0.194162777979606,-0.166053774934254,-0.133769353946942,18,0,0,0,-0.00253154751990263,6.385381957362,0.00188383045525903,71.2836363636364
"S12619",7070648760,-0.857657435477535,-0.273852291892511,-0.0432192502944498,-0.250555269216552,-0.290030624074022,16,0,0,0,-0.00441537797516166,6.385381957362,0,71.2836363636364
"S12644",7070648760,-1.56697423771787,-0.520524940070888,0.110569602866889,-0.431150058308172,-0.725868842205701,18,0,0,0,-0.00242689027238824,6.385381957362,0.00198848770277342,71.2836363636364
"S12674",7070642870,-1.04315232485579,-0.421008387067151,-0.111568532658935,-0.179696838020061,-0.330878567109642,21,0,0,0,-0.00279654059473488,-33.0185025452322,0.00161883738042678,31.8797518610422
"S12675",7070642870,-1.31842062627953,-0.572439376370484,0.145006100929406,-0.321718237752271,-0.569269113086185,30.5,0.00533720463612114,3,1,-0.00406498027377058,-33.0185025452322,0.000350397701391079,31.8797518610422
"S12678",7070642870,-0.549161886726601,-0.375137074565354,0.168899604263042,-0.153069074364431,-0.189855342059858,17,0.00171821305841924,2,1,-0.00131611030635757,-33.0185025452322,0.00309926766880409,31.8797518610422
"S12682",7070642870,-1.18000607465947,-0.367582648655085,-0.0761292237546119,-0.274916474785543,-0.461377727464228,14,0,0,0,-0.00441537797516166,-33.0185025452322,0,31.8797518610422
"S12684",7070642870,-0.924733484147936,-0.39579832814351,-0.190482468003125,-0.223461450078117,-0.114991237923185,17,0,0,0,-0.00419462742328528,-33.0185025452322,0.00022075055187638,31.8797518610422
"S12686",7070642870,-0.296883465351729,-0.253080038371753,0.0429614329934415,-0.0327621838245689,-0.0540026761488493,16.5,0,0,0,-0.00441537797516166,-33.0185025452322,0,31.8797518610422
"S12735",5070070390,-0.112170166917383,0.149888074434121,0.0898095943125514,-0.26047287642781,-0.0913949592362447,5,0.589041095890411,9,4,-0.00441537797516166,-15.0295242475442,0,49.8687301587302
"S12736",5070070390,0.310832394471401,0.379303241693408,0.128887620267552,-0.414983402136727,0.217624934647168,4,0.471631205673759,10,6,-0.00441537797516166,-15.0295242475442,0,49.8687301587302
"S12737",5070070390,-0.469844343683887,0.060687386314037,0.0320473522735032,-0.314170892010062,-0.248408190261365,5,0.621160409556314,9,6,-0.00441537797516166,-15.0295242475442,0,49.8687301587302
"S12738",5070070390,-0.666048309537722,0.209959054113626,0.0478576146744635,-0.350989122712679,-0.572875855613133,9,0.596026490066225,9,6,0.00398798336937615,-15.0295242475442,0.00840336134453781,49.8687301587302
"S12739",5070070390,-0.520470072661433,0.246409452007859,-0.0315321053959963,-0.370939769314131,-0.364407649959165,7.5,0.317028985507246,12,5,-0.00441537797516166,-15.0295242475442,0,49.8687301587302
"S12740",7070642870,-0.927864411831017,-0.284645765729128,-0.0123563607855879,-0.733229522960674,0.102367237644373,5,0,0,0,-0.00441537797516166,-33.0185025452322,0,31.8797518610422
"S12741",7070630060,-0.861348178408062,-0.587929170097279,0.0376006937830626,-0.129243979763366,-0.181775722330479,19,0,0,0,-0.00194632684522785,4.90841226039231,0.00246905112993382,69.8066666666667
"S12742",7070643030,-0.920918604818241,-0.577197397510336,-0.0278282863283312,-0.121252671862895,-0.194640249116678,15.5,0,0,0,0.00149013383586196,1.55698368896374,0.00590551181102362,66.4552380952381
"S12749",7070684690,-0.424019912695515,-0.290030234407598,0.00810481871616935,-0.056883913259392,-0.0852105837446945,18,0,0,0,-0.00441537797516166,7.58460273658278,0,72.4828571428571
"S12752",7070684690,-1.06961647674474,-0.344455304376434,-0.000173946400395522,-0.315864513023312,-0.409122712944602,14,0,0,0,-0.00381440138820786,7.58460273658278,0.0006009765869538,72.4828571428571
"S12753",7070684690,-0.727643616303421,-0.225968683578608,-0.0165205886873362,-0.195298709594802,-0.289855634442675,20,0,0,0,-0.00385613587341299,7.58460273658278,0.000559242101748675,72.4828571428571
"S12754",7070684690,-0.601970823581811,-0.306931261763232,0.0672693708290129,-0.158826836951767,-0.203482095695825,20.5,0,0,0,-0.00389787035861811,7.58460273658278,0.00051750761654355,72.4828571428571
"S12755",7070643030,-1.1352034826869,-0.564066188182037,-0.105756831373215,-0.19238369394373,-0.27299676918792,17,0,0,0,1.37558831060551e-05,1.55698368896374,0.00442913385826772,66.4552380952381
"S12756",7070684690,-1.20811768535409,-0.381307774383622,0.109954104613601,-0.385314237948727,-0.551449777635341,19,0,0,0,-0.00247889786164386,7.58460273658278,0.0019364801135178,72.4828571428571
"S12763",7070684690,-1.02007050833781,-0.478513920960731,-0.0307183540866752,-0.224683014976109,-0.286155218314297,18,0,0,0,-0.00394795174086426,7.58460273658278,0.0004674262342974,72.4828571428571
"S12764",7070684690,-1.14656738497285,-0.687523155519827,-0.0639366713345737,-0.194032939134462,-0.201074618983988,16,0,0,0,-0.00395629863790529,7.58460273658278,0.000459079337256375,72.4828571428571
"S12768",7070643030,0.00420737578273855,0.0104754068364201,0.07637236664557,-0.0434730110363287,-0.0391673866629228,12,0,2,1,-0.00293900002240576,1.55698368896374,0.00147637795275591,66.4552380952381
"S12770",7070643030,-1.24719278309862,-0.340883782243806,0.0685134455793724,-0.656816187037771,-0.318006259396414,14,0,0,0,-0.00293900002240576,1.55698368896374,0.00147637795275591,66.4552380952381
"S12771",7070643030,-0.866510094981222,-0.211512807365389,0.0342351708115056,-0.28944059540278,-0.399791863024559,13,0,0,0,-0.00244687403815379,1.55698368896374,0.00196850393700787,66.4552380952381
"S12783",7070630060,-1.19345410691377,-0.322869953061917,-0.00108370017980133,-0.357329360235046,-0.512171093437006,18,0,1,1,-0.0033180219174133,4.90841226039231,0.00109735605774836,69.8066666666667
"S12785",7070630060,-0.702666401625428,-0.637267391320933,0.141422041995147,-0.0965217689077716,-0.11029928339187,14.5,0,0,0,-0.00208349635244639,4.90841226039231,0.00233188162271527,69.8066666666667
"S12786",7070630060,-0.636349316070156,-0.60099718133522,0.133545405521077,-0.0944774157572748,-0.0744201244987375,16,0,0,0,-0.00222066585966494,4.90841226039231,0.00219471211549673,69.8066666666667
"S12789",7070630060,-1.2369918152083,-0.627723008047988,-0.0312337420874334,-0.31001428762485,-0.268020777448027,18.5,0,0,0,-0.0036952380622643,4.90841226039231,0.000720139912897363,69.8066666666667
"S12803",7070643030,-0.462243454040743,-0.228843358128938,-0.042083097254424,-0.0903563417069626,-0.100960656950418,14,0,0,0,0.00358166926893283,1.55698368896374,0.00799704724409449,66.4552380952381
"S12819",7070643030,-0.861201513738573,-0.497613278480765,0.00273516913957942,-0.219841581000877,-0.14648182339651,11,0,0,0,-0.00441537797516166,1.55698368896374,0,66.4552380952381
"S12828",7070684690,-0.800279706595649,-0.0969362702656885,0.0855728866887107,-0.252954290720889,-0.535962032297782,18,0,0,0,-0.00378101380004376,7.58460273658278,0.0006343641751179,72.4828571428571
"S12867",7070642870,-1.13796162927758,-0.171229154423215,-0.0913665665280882,-0.256673592936408,-0.618692315389869,15,0,0,0,-0.00422966719342439,-33.0185025452322,0.000185710781737272,31.8797518610422
"S12868",7070642870,-0.785708057316008,-0.181671473966973,-0.0611580263854113,-0.195989495901941,-0.346889061061682,13.5,0,0,0,-0.00421214730835484,-33.0185025452322,0.000203230666806826,31.8797518610422
"S12870",7070642870,-1.21666492085951,-0.697091919240815,-0.01603647276487,-0.221925789117481,-0.281610739736341,17,0,0,0,-0.00410702799793751,-33.0185025452322,0.000308349977224149,31.8797518610422
"S12876",7070642870,-0.587003878739654,-0.0170160685422349,-0.127326289348268,-0.182072071878937,-0.260589448970215,14,0,0,0,-0.0042331711704383,-33.0185025452322,0.000182206804723361,31.8797518610422
"S12877",7070642870,-0.847450169984498,-0.334034423632881,-0.180113387089497,-0.26518370188999,-0.0681186573721306,13,0,0,0,-0.00420513935432701,-33.0185025452322,0.000210238620834647,31.8797518610422
"S1292",2070514170,-0.321117342212662,0.0933669214806301,0.0325522965828147,-0.593398606241056,0.146362045964949,3,0.0988070539419087,5,3,-0.00242532822391788,-12.546489700392,0.00199004975124378,52.3517647058824
"S1302",2070016950,-0.547761828819581,0.0602639306135868,-0.0287321192787687,-0.423931753973877,-0.155361886180522,2.5,0,0,0,-0.00251160504335135,-46.100921072941,0.00190377293181032,18.7973333333333
"S1933",2070514170,-0.340251070992544,-0.210694658784882,-0.00416260098744086,-0.443904936151547,0.318511124931325,2.5,0,0,0,-0.00441537797516166,-12.546489700392,0,52.3517647058824
"S1942",2070016950,0.031617333775743,0.478414027676059,-0.0398418226171015,-0.333827476194178,-0.0731273950890369,3,0,0,0,-0.00251160504335135,-46.100921072941,0.00190377293181032,18.7973333333333
"S2229",2070507930,-1.03733168365649,-0.566633665098574,-0.0525078745285641,-0.151041332272877,-0.267148811756477,14,0.0237527606220309,6,5,-0.00214829387713726,93.5760313080114,0.0022670840980244,158.474285714286
"S2238",2070507930,-1.38366955231707,-0.844768309624322,-0.112254847678558,-0.23851371693797,-0.188132678076219,9,0.00480460775736366,6,2,-0.00441537797516166,93.5760313080114,0,158.474285714286
"S2244",2070493320,-1.15557438810711,-0.830856438888658,-0.094128405851762,-0.141970561805553,-0.088618981561143,7,0.00202244774038605,6,1,-0.00237320261445134,21.7557455937256,0.00204217536071032,86.654
"S2251",2070507930,-0.695161346613778,-0.499242515399838,-0.0491318366383092,-0.0809754096005179,-0.065811584975113,12,0.00181797760020538,3,2,-0.00437939251328826,93.5760313080114,3.59854618734031e-05,158.474285714286
"S24",2070469050,-0.33233908347604,-0.0683953273517046,0.0132317331484444,-0.133926327234402,-0.143249162038378,4,0,0,0,-0.000873987979588399,18.6381900381701,0.00354138999557326,83.5364444444444
"S2503",2070418400,-0.605720639391284,-0.0738471821683809,-0.0206927612355995,-0.212984279209385,-0.298196416777919,8,0,2,2,-0.0042850025625921,98.8897455937256,0.000130375412569562,163.788
"S2508",2070418400,-0.611898394696085,-0.37494734582685,0.111980016265958,-0.241525298074766,-0.107405767060427,10.5,0,0,0,-0.00386642886960561,98.8897455937256,0.000548949105556051,163.788
"S2540",2070418400,-0.662836126083086,-0.538436299282274,0.0729414802525428,-0.104050915728131,-0.0932903913252241,10,0,0,0,-0.00426784790304347,98.8897455937256,0.000147530072118189,163.788
"S2546",2070418400,-0.530946053612256,-0.588536140832433,0.104571539320208,-0.0700972435344695,0.0231157914344375,2,0,0,0,-0.00441537797516166,98.8897455937256,0,163.788
"S2561",2070418400,-0.732113558636947,-0.269864095571697,-0.0959758106600967,-0.180135060763757,-0.186138591641397,12,0.000579710144927536,3,3,-0.00191765954488163,98.8897455937256,0.00249771843028003,163.788
"S2595",2070418400,-0.759721428841806,-0.377436711338573,-0.0329355441958227,-0.131174123604494,-0.218175049702916,14.5,0.00487820029535757,3,2,-0.00330375603641066,98.8897455937256,0.001111621938751,163.788
"S26",2070469050,-0.769935643493425,-0.515960285046127,-0.0627235296723436,-0.219814526979063,0.0285626982041084,2,0,0,0,-0.00441537797516166,18.6381900381701,0,83.5364444444444
"S2672",2070513970,-0.160003360307573,-0.0475513247752141,0.0319218192860734,-0.0863257510926804,-0.0580481037257515,5,0,0,0,-0.00441537797516166,14.5287281373665,0,79.4269825436409
"S2679",2070016950,-0.201976129736278,0.0491375165711948,-0.0098900989308608,-0.144767943657706,-0.0964556037189059,4,0,0,0,-0.00251160504335135,-46.100921072941,0.00190377293181032,18.7973333333333
"S2929",2070048160,-0.976953601134331,-0.574534417448221,0.0526929069543649,-0.364203491377349,-0.0909085992631261,5,0,0,0,-0.00441537797516166,-41.0182544062744,0,23.88
"S2930",2070048160,-1.558759014907,-1.44063567561687,-0.115161528903805,-0.101334056430676,0.0983722460443439,2,0,0,0,-0.00441537797516166,-41.0182544062744,0,23.88
"S2931",2070048160,-1.7534044290609,-1.553179891413,-0.109205257456811,-0.187235057394969,0.0962157772038738,2,0,0,0,-0.00377088197103689,-41.0182544062744,0.000644496004124774,23.88
"S2946",2070048160,-1.69295065659156,-1.1420094765892,-0.158171055786834,-0.375622739424127,-0.0171473847913974,3,0,0,0,-0.00364198277021193,-41.0182544062744,0.000773395204949729,23.88
"S2953",2070048160,-1.15016489986856,-1.10295565373775,0.00490803399327573,-0.148341771182918,0.0962244910588356,2.5,0.0871640407784986,4,1,-0.00441537797516166,-41.0182544062744,0,23.88
"S2954",2070048160,-1.88819555721886,-1.46946111947072,0.0855257613541554,-0.811306371544432,0.307046172442134,2,0,0,0,-0.00425425397413047,-41.0182544062744,0.000161124001031194,23.88
"S2958",2070048160,-1.03786253448473,-1.05441415873756,0.088720724596772,-0.210176465163369,0.138007364819433,3,0,0,0,-0.00325528516773707,-41.0182544062744,0.00116009280742459,23.88
"S3129",2070022160,-0.256338689995652,-0.00299083339395541,0.0618221160594604,-0.226411031607143,-0.0887589410540137,6,0,3,2,-0.00411027254428499,-41.0182544062744,0.00030510543087667,23.88
"S3131",2070446440,-0.980513131492416,-0.335220761924089,0.0641827778607929,-0.425979644894955,-0.283495502534164,10,0,0,0,-0.00338667381056899,22.5977455937256,0.00102870416459267,87.496
"S3134",2070022160,-0.650309823736529,-0.556616217244115,0.0553294354414672,-0.0879044074289233,-0.0611186345049578,5.5,0,1,1,-0.00380516711340832,-41.0182544062744,0.000610210861753339,23.88
"S3136",2070022160,-0.680400958384327,-0.414480785256715,-0.135013523863539,-0.121840048504479,-0.00906660075959305,5,0,0,0,-0.00422892465629259,-41.0182544062744,0.000186453318869076,23.88
"S3137",2070022160,-0.833952165770718,-0.747657112837223,0.0166260472587939,-0.468039160078629,0.36511805988634,4,0,1,1,-0.0038729683202698,-41.0182544062744,0.000542409654891857,23.88
"S3139",2070022160,-0.722618593832963,-0.555448796010538,0.0466827097271278,-0.41027717881696,0.196424671267407,4,0,2,2,-0.00403399618656582,-41.0182544062744,0.000381381788595837,23.88
"S3148",2070022160,-1.21702944161743,-0.768307454026162,0.0333062042669523,-0.58353941940322,0.101511227544995,4,0,0,0,-0.00382211741512369,-41.0182544062744,0.000593260560037969,23.88
"S3150",2070022160,-0.708031697049712,-0.294219625933067,0.0840763464308546,-0.281921463109799,-0.215966954437701,7,0,0,0,-0.00309325444136276,-41.0182544062744,0.0013221235337989,23.88
"S3230",2070513970,-0.315909288047496,0.153311634152792,-0.0251687096013238,-0.207483727899749,-0.236568484699216,10,0.0606060606060606,7,4,-0.00311677037109269,14.5287281373665,0.00129860760406897,79.4269825436409
"S3237",2070016950,-0.418124285640957,0.0377086177671438,0.00604036918166009,-0.276772846644318,-0.185100425945443,4,0,5,2,-0.00251160504335135,-46.100921072941,0.00190377293181032,18.7973333333333
"S3277",2070446440,-0.408075460501243,-0.324128074991381,0.01418131619354,-0.221408023434562,0.123279321731161,3,0,0,0,-0.00441537797516166,22.5977455937256,0,87.496
"S3329",2070446440,-0.0830279826891941,-0.105794829822264,0.0425688381698178,-0.0189028659012697,-0.000899125135478392,8,0.00455927051671732,3,2,0.0011595349168244,22.5977455937256,0.00557491289198606,87.496
"S3331",2070446440,-0.538915889355195,-0.583909155499999,0.229401985194741,-0.149750369744696,-0.0346583493052421,9,0.0617865128869013,4,4,0.00288510319291533,22.5977455937256,0.00730048116807699,87.496
"S3687",2070553970,-0.527546616870188,-0.175481549956344,-0.107666306664261,-0.537155675781214,0.292756915531631,3.5,0,2,1,-0.00412744885002323,28.2044122603923,0.000287929125138427,93.1026666666667
"S3689",2070553970,-1.1681059517504,-0.579026316790432,-0.0613231260578928,-0.247013677763801,-0.280742831138278,5,0.00296461233961233,8,3,-0.00392811330185048,28.2044122603923,0.000487264673311185,93.1026666666667
"S3692",2070553970,-0.444116492677304,-0.296020673916949,-0.0146514094463523,-0.0820101527282419,-0.0514342565857615,5,0,1,1,0.00216269511453934,28.2044122603923,0.006578073089701,93.1026666666667
"S3698",2070553970,-0.776270971396744,-0.451549317926096,-0.115204653464667,-0.394539221667453,0.185022221661472,3,0.0147058823529412,1,1,-0.00441537797516166,28.2044122603923,0,93.1026666666667
"S3704",2070507930,-0.591977593737703,-0.214850950979771,0.0404400487731731,-0.190339004645621,-0.227227686885484,10,0.00692520775623268,5,2,-0.00117668640655538,93.5760313080114,0.00323869156860628,158.474285714286
"S3705",2070507930,-1.08266808417401,-0.782549180746201,-0.0425549023003604,-0.191105486968027,-0.0664585141594261,4,0,1,1,-0.00441537797516166,93.5760313080114,0,158.474285714286
"S3706",2070507930,-1.21748053879266,-0.963145623460347,0.0908774294498499,-0.206806623091342,-0.138405721690822,9,0.0113470613470613,4,2,-0.00441537797516166,93.5760313080114,0,158.474285714286
"S3709",2070507930,-0.800524243379319,-0.404173224691906,-0.0878207393875183,-0.173582499363982,-0.134947779935913,7,0.0647985989492119,5,3,-0.00416347974204784,93.5760313080114,0.000251898233113822,158.474285714286
"S3775",2070513870,-0.446818994177859,0.289042757024385,0.0117114802580603,-0.544863678790895,-0.202709552669409,4,0,0,0,0.0870878899986945,-50.3891634971835,0.0915032679738562,14.5090909090909
"S3782",2070016950,0.450895479535694,0.555702143419959,0.0156102724146542,-0.0995659215999979,-0.0208510146989208,4,0.00454545454545454,8,3,-0.00251160504335135,-46.100921072941,0.00190377293181032,18.7973333333333
"S3868",2070418400,-0.643475080701572,-0.112185328904217,0.0161448534790168,-0.286097178372354,-0.261337426904018,13,0.00176259344310353,5,1,-0.00287145861578527,98.8897455937256,0.00154391935937639,163.788
"S3953",2070418400,-0.270781641639079,-0.0295670756988582,0.0517953978782389,-0.144881675587895,-0.148128288230565,13,0.00485436893203883,6,2,-0.00441537797516166,98.8897455937256,0,163.788
"S3969",2070460960,-1.21301812577934,-0.462772690278157,-0.0474545283544806,-0.478432717450273,-0.224358189696431,4,0,0,0,-0.00199142936287224,0.687745593725637,0.00242394861228942,65.586
"S3970",2070418400,-0.644451369710573,-1.02998063060253,0.396596734924057,-0.149985487903763,0.13891801387166,2,0,0,0,-0.00441537797516166,98.8897455937256,0,163.788
"S3972",2070460960,-0.559543490890057,-0.239558017169527,0.0828574636766296,-0.194234314721775,-0.208608622675385,13,0.00472542343286188,6,3,0.00649239078014073,0.687745593725637,0.0109077687553024,65.586
"S3973",2070460960,-1.18118366597119,-0.450499239299696,0.0131690906790638,-0.365951699279652,-0.377901818070911,13.5,0.00192779618781774,7,4,-0.00102184991795647,0.687745593725637,0.00339352805720519,65.586
"S3976",2070460960,-0.833429573025819,-0.516930913151149,-0.136091132651703,-0.177717926811587,-0.00268960041137917,5.5,0.00181159420289855,2,1,0.00124050212018032,0.687745593725637,0.00565588009534198,65.586
"S3977",2070460960,-0.607914729122415,-0.133600567380326,-0.0495761175983414,-0.233855140357972,-0.190882903785776,11,0.00786608303804504,4,1,0.0266111642621429,0.687745593725637,0.0310265422373046,65.586
"S4173",7070450470,-1.68627836352412,-0.354651556313096,0.0313388933126593,-0.614976314690381,-0.7479893858333,12.5,0.144788804945055,2,2,0.00633731019688135,-39.3586294062744,0.010752688172043,25.539625
"S4366",7070450470,-1.00188555884116,-0.216647084211078,0.0630452862085675,-0.400849892814368,-0.447433868024284,7.5,0,0,0,-0.00441537797516166,-39.3586294062744,0,25.539625
"S4377",2070564730,-0.999097433078287,-0.520104518591424,0.0319286547570167,-0.241249052483275,-0.269672516760605,7,0.00741341991341991,6,4,-0.00273512099468229,127.572412260392,0.00168025698047937,192.470666666667
"S4378",2070564730,-0.509692508580141,-0.22513004773511,0.00173382738321031,-0.138117395422973,-0.148178892805268,7.5,0.00944986690328305,6,3,-0.00441537797516166,127.572412260392,0,192.470666666667
"S4379",2070564730,-0.150925020707308,0.19253684088291,0.0315250065652487,-0.162650735503326,-0.212336132652141,10,0.0208333333333333,8,8,-0.0037235074537878,127.572412260392,0.000691870521373857,192.470666666667
"S4380",2070564730,-0.243638144993926,0.0566616942255946,-0.0521429314890545,-0.130925169323848,-0.117231738406618,9,0.0310192023633678,9,6,-0.00389647508413127,127.572412260392,0.000518902891030393,192.470666666667
"S4386",2070564730,-1.03677455041564,-0.725622255814103,-0.018374343260888,-0.199925187341774,-0.0928527639988789,4,0,2,2,-0.00367408813083253,127.572412260392,0.000741289844329133,192.470666666667
"S4432",2070513870,-0.13340288794815,0.182295765879688,0.11786020342155,-0.260104470045006,-0.173454387204382,6,0,1,1,0.0478722037241847,-50.3891634971835,0.0522875816993464,14.5090909090909
"S4441",2070016950,-0.0380595824221058,0.330670371811847,-0.0492988766584381,-0.252325868220639,-0.0671052093548758,3,0,4,2,-0.00251160504335135,-46.100921072941,0.00190377293181032,18.7973333333333
"S4445",7070450470,-0.957324257230237,-0.43983039216983,-0.0209782924929276,-0.263220947804357,-0.233294624763123,10.5,0,0,0,0.00172901526600577,-39.3586294062744,0.00614439324116743,25.539625
"S456",2070564730,-0.695726504489993,-0.504799099220189,0.115824918824005,-0.178824017346609,-0.127928306747201,8,0.012580900805706,4,5,-0.00300692727093631,127.572412260392,0.00140845070422535,192.470666666667
"S4650",7070450470,-0.75117855711288,-0.733818134735471,0.0150116468714188,-0.0326243297352483,0.000252260486421029,4,0.00252525252525252,1,1,-0.00441537797516166,-39.3586294062744,0,25.539625
"S4693",2070493320,-0.528753891518597,-0.0667858796136412,-0.100358043222358,-0.146584861009857,-0.215025107672741,16,0.0104356901632236,5,4,0.0150907263533622,21.7557455937256,0.0195061043285239,86.654
"S4694",2070493320,-0.430886066418497,-0.189225904587927,0.0204172155311154,-0.144327851129358,-0.117749526232327,16,0.00214376938514869,7,3,-0.00441537797516166,21.7557455937256,0,86.654
"S4796",7070450470,-1.61054431073189,-0.842465217825345,-0.014690423530955,-0.386546075929062,-0.366842593446523,8,0,0,0,0.000704949725811201,-39.3586294062744,0.00512032770097286,25.539625
"S4834",7070450470,-1.15872590505392,-0.618046666490274,-0.00871231772335103,-0.310689703948486,-0.221277216891809,7,0.00298507462686567,1,1,0.000704949725811201,-39.3586294062744,0.00512032770097286,25.539625
"S4864",2070446440,0.046456203967128,0.101269838309597,0.0422217680380083,-0.0781908596616904,-0.0188445427187873,10.5,0.000525762355415352,1,1,-0.000267377311481555,22.5977455937256,0.00414800066368011,87.496
"S4884",7070450470,-0.952990602283549,-0.416181594203982,0.137233057884563,-0.314141198841128,-0.359900867123002,9.5,0,0,0,-0.00441537797516166,-39.3586294062744,0,25.539625
"S4903",7070360890,-0.229368191559045,-0.193375420195159,0.0287590230491512,-0.0873726782905692,0.0226208838775324,2,0,0,0,-0.00281485074266154,-11.7936178957736,0.00160052723250012,53.1046365105008
"S4941",7070450470,-0.700578806720878,-0.257986161142913,-0.0302596869678758,-0.188128561473881,-0.224204397136208,8,0,0,0,-0.00441537797516166,-39.3586294062744,0,25.539625
"S4991",7070450470,-0.801219075959591,-0.294908009519866,-0.112512063488405,-0.229341962977289,-0.16445703997403,6,0,0,0,-0.00441537797516166,-39.3586294062744,0,25.539625
"S5106",2070513870,-0.26302966998949,0.397749073596836,-0.181270717892762,-0.226848136974821,-0.252659888718742,7,0.00308888757964195,6,2,0.0870878899986945,-50.3891634971835,0.0915032679738562,14.5090909090909
"S5116",2070016950,-0.375689999183265,-0.110887617746325,0.0176239422480002,-0.304208130598758,0.0217818069138182,2,0,0,0,-0.00251160504335135,-46.100921072941,0.00190377293181032,18.7973333333333
"S5119",7070450470,-0.833779559639425,-0.396942078019482,-0.029719277771847,-0.219731794317103,-0.187386409530993,8,0,0,0,-0.00441537797516166,-39.3586294062744,0,25.539625
"S5188",7070450470,-0.128681917509319,0.0235776001588611,0.00499497945789648,-0.130707077157286,-0.0265474199687911,7.5,0,0,0,-0.00441537797516166,-39.3586294062744,0,25.539625
"S5239",7070450470,-0.982989429455612,-0.882926334650316,-0.00266909739879627,-0.0655996591272707,-0.0317943382792289,6,0,0,0,-0.00441537797516166,-39.3586294062744,0,25.539625
"S5280",7070450470,-0.480369260435621,-0.404733548005176,0.0873480608245423,-0.0997973298972814,-0.0631864433577059,8,0.0045045045045045,1,1,0.00172901526600577,-39.3586294062744,0.00614439324116743,25.539625
"S5325",7070450470,-0.709165061231362,-0.387982073071407,-0.0679164849805561,-0.125763568359072,-0.127502934820327,8,0,0,0,0.00172901526600577,-39.3586294062744,0.00614439324116743,25.539625
"S5348",7070360890,-0.832161500935514,-0.708852943001448,-0.0824708450921894,-0.0256503964195938,-0.0151873164222835,4,0,0,0,-0.00441537797516166,-11.7936178957736,0,53.1046365105008
"S5554",2070513870,-0.567851738706553,0.074483085053021,-0.0709909718524131,-0.74134077499257,0.169996923085409,4,0,1,1,0.0870878899986945,-50.3891634971835,0.0915032679738562,14.5090909090909
"S5561",2070016950,-0.516259746209861,-0.385580953527654,-0.106643255464359,-0.354950699879138,0.330915162661289,2,0,0,0,0.00181515161985391,-46.100921072941,0.00623052959501558,18.7973333333333
"S5691",7070360890,-0.286272881714677,0.0943099103646326,-0.0343526141304148,-0.444539540282628,0.0983093623337328,3,0,0,0,0.00321066354439772,-11.7936178957736,0.00762604151955938,53.1046365105008
"S5697",7070360890,-0.304064584300661,0.143964016684537,0.0132756415945357,-0.468316944257095,0.00701270167736077,2.5,0,0,0,-0.00441537797516166,-11.7936178957736,0,53.1046365105008
"S5810",7070360890,-0.94675984668001,-0.721399099450337,-0.128224543864872,-0.096767360115873,-0.000368843248928211,3,0,0,0,0.00275168882331313,-11.7936178957736,0.00716706679847479,53.1046365105008
"S5912",7070360890,-0.672561393822647,-0.516226293986346,-0.0339446291959608,-0.359671434629865,0.237280963989524,2,0,0,0,-0.00441537797516166,-11.7936178957736,0,53.1046365105008
"S5919",7070360890,-0.692542711774388,-0.22702791326671,-0.0521155566548688,-0.49813718428935,0.0847379424365413,3,0,0,0,-0.00441537797516166,-11.7936178957736,0,53.1046365105008
"S5922",7070360890,-0.677675433192162,-0.42252740943348,-0.0675145870085487,-0.214555432073926,0.0269219953237934,4,0,0,0,0.00275168882331313,-11.7936178957736,0.00716706679847479,53.1046365105008
"S5925",7070360890,-0.474859483702917,-0.361164123519372,-0.0426627532139108,-0.511259781095162,0.440227174125528,2,0,0,0,-0.00441537797516166,-11.7936178957736,0,53.1046365105008
"S6003",7070546670,-0.82244596115487,0.00872738492118634,-0.154883365582639,-0.177538614736692,-0.498751365756726,21,0.00319488817891373,12,1,0.027548092344473,-60.5554766284966,0.0319634703196347,4.34277777777778
"S6013",2070513870,-0.542183242210895,0.0381382093112306,-0.0696483463974665,-0.257786870935335,-0.252886234189325,10,0,1,1,-0.00441537797516166,-50.3891634971835,0,14.5090909090909
"S6024",2070016950,-0.255600152881397,0.028853412696175,-0.0678896411714763,-0.187271382189331,-0.0292925422167644,3,0,1,1,0.00285357321902318,-46.100921072941,0.00726895119418484,18.7973333333333
"S6029",7070453370,-0.775882921995105,-0.828716144749315,0.18161153437148,-0.27289598290355,0.14411767128628,4,0,0,0,-0.00441537797516166,25.1207911150179,0,90.0190455212922
"S6082",7070360890,-0.316513420067478,-0.275348374599547,-0.0217913397354508,-0.32309549160616,0.303721785873679,2,0,0,0,-0.00441537797516166,-11.7936178957736,0,53.1046365105008
"S6111",7070360890,-0.499280421656481,-0.269436996832861,0.000117648307147857,-0.229977325566574,1.6252435806633e-05,4,0,0,0,0.00342249803105215,-11.7936178957736,0.00783787600621381,53.1046365105008
"S6176",7070453370,0.144023218774818,0.158854166295182,0.0903457010309083,-0.573491885403031,0.468315236851759,5.5,0,0,0,-0.00391497023552195,25.1207911150179,0.000500407739639706,90.0190455212922
"S6206",7070360890,-0.729666433067776,-0.704318050846588,0.0215978724942724,-0.072644496462169,0.0256982417467092,2,0,0,0,-0.00441537797516166,-11.7936178957736,0,53.1046365105008
"S6233",7070360890,-0.868675501676626,-0.65431447838588,0.0603361268275057,-0.228464707986678,-0.0462324421315743,3,0,0,0,-0.00293253656858067,-11.7936178957736,0.00148284140658099,53.1046365105008
"S63",2070469050,-0.656589647263207,-0.0441167758770333,0.077847165666603,-0.283966524521439,-0.406353512531337,12,0.0642281879194631,14,5,-0.00128504217550315,18.6381900381701,0.00313033579965851,83.5364444444444
"S6301",7070453370,-0.435331942913668,-0.274207984628319,-0.0245561305749091,-0.102409284376538,-0.0341585433339017,3,0,0,0,-0.00391497023552195,25.1207911150179,0.000500407739639706,90.0190455212922
"S6321",7070360890,-0.491944842144128,-0.338010280837954,0.00868674987312891,-0.11750776681505,-0.0451135443642528,3,0,0,0,-0.002214653030474,-11.7936178957736,0.00220072494468766,53.1046365105008
"S6333",7070360890,-0.629764390570322,-0.409853529133615,-0.0602116328413717,-0.605863040837211,0.446163812241875,2,0,0,0,0.0249590041742523,-11.7936178957736,0.0293743821494139,53.1046365105008
"S6344",7070453370,-0.686405772787926,-0.543251927054439,-0.0228151216602746,-0.106690017294602,-0.0136487067786096,6,0,0,0,-0.0042300417752951,25.1207911150179,0.000185336199866558,90.0190455212922
"S6373",7070360890,-0.80249178104236,-0.600364146137477,-0.00641195145228996,-0.126035869653496,-0.0696798137990974,4,0,0,0,-0.00159091815310263,-11.7936178957736,0.00282445982205903,53.1046365105008
"S6418",7070360890,-0.731923646682669,-0.585755131881516,-0.0921625411264737,-0.101021993537273,0.0470160198625932,3,0,0,0,-0.00106133193646656,-11.7936178957736,0.0033540460386951,53.1046365105008
"S6442",7070360890,-0.732385390200808,-0.451860715624986,-0.167004089013283,-0.368638456562986,0.255117871000446,3,0,0,0,-0.00408585766258811,-11.7936178957736,0.000329520312573554,53.1046365105008
"S6470",2070513870,-0.27542717585181,0.0959044205065385,-0.0951066824522189,-0.133115558032522,-0.143109355873608,9,0,3,2,-0.00441537797516166,-50.3891634971835,0,14.5090909090909
"S65",2070469050,-0.0208898366510387,0.160020325179973,0.0703317918302786,-0.146520657775948,-0.104721295885343,9,0.00626959247648902,13,7,0.00241444558772963,18.6381900381701,0.00682982356289129,83.5364444444444
"S6555",7070360890,-1.30360686255605,-1.01297736977786,-0.231938596241271,-0.33010958463076,0.271418688093836,3,0,0,0,-0.00408585766258811,-11.7936178957736,0.000329520312573554,53.1046365105008
"S6627",7070360890,-0.817184541248244,-0.719828073366283,-0.0451986196317412,-0.116432885627581,0.064275037377361,2,0,0,0,-0.00441537797516166,-11.7936178957736,0,53.1046365105008
"S6647",7070360890,-0.604277641449184,-0.523849315971844,-0.0261810196727133,-0.531926870231883,0.477679564427255,3,0,0,0,-0.00408585766258811,-11.7936178957736,0.000329520312573554,53.1046365105008
"S6678",7070453370,-0.293564255003944,-0.116772087040363,-0.0497341566052219,-0.11283146270938,-0.0142265486489791,4,0,0,0,-0.00441537797516166,25.1207911150179,0,90.0190455212922
"S668",2070513970,-0.606412576582384,-0.0127655254315306,-0.041923072554305,-0.264294044540207,-0.287429934056341,10,0.476744186046512,5,4,-0.00297248063730725,14.5287281373665,0.00144289733785441,79.4269825436409
"S6699",7070360890,-0.685642961397231,-0.559525801745936,-0.0376763172353977,-0.180169043639025,0.0917282012231274,3,0,0,0,-0.00403878333222046,-11.7936178957736,0.000376594642941204,53.1046365105008
"S6715",7070453370,-0.393940816395613,0.0103160576673265,0.0480651277694813,-0.44170666728375,-0.0106153345486711,3,0,0,0,-0.00424857539528176,25.1207911150179,0.000166802579879902,90.0190455212922
"S6780",7070453370,-0.71947147004034,-0.342453692253568,0.0434077741872182,-0.371009808484329,-0.0494157434896607,5,0,0,0,-0.00441537797516166,25.1207911150179,0,90.0190455212922
"S6781",7070360890,-0.731290988370631,-0.498473231371019,-0.175542585752999,-0.17270506115606,0.115429889909447,4,0,0,0,-0.00413293199295576,-11.7936178957736,0.000282445982205903,53.1046365105008
"S6829",7070453370,0.380865079538056,0.212911346058458,0.172145167600172,-0.0149067024295414,0.0107152683089668,6,0,0,0,-0.00441537797516166,25.1207911150179,0,90.0190455212922
"S6920",2070513970,-0.108337168730368,0.108580410332804,0.150982748047945,-0.262017542557184,-0.105882784553933,4,0.0192307692307692,7,3,-8.66859615984263e-05,14.5287281373665,0.00432869201356324,79.4269825436409
"S70",2070469050,-0.371515017269218,0.316910908722591,-0.22928621677355,-0.372625550635834,-0.0865141585824251,7,0,2,2,0.00459619478143102,18.6381900381701,0.00901157275659268,83.5364444444444
"S71",2070469050,-0.479710005291818,-0.0390834692400026,-0.0609706046680176,-0.180527335787087,-0.19912859559671,11,0,1,1,0.00317331487249533,18.6381900381701,0.00758869284765699,83.5364444444444
"S7137",7070453370,-0.798538522942508,-0.357609388006427,-0.0825999554119058,-0.269719820179691,-0.0886093593444845,8,0.00401606425702811,2,1,-0.0042300417752951,25.1207911150179,0.000185336199866558,90.0190455212922
"S7183",7070360890,-0.375299248079571,-0.280929061563296,-0.0789308659087861,-0.0178835064510268,0.00244418584353857,3,0,0,0,-0.00441537797516166,-11.7936178957736,0,53.1046365105008
"S7286",7070360890,-0.98079112858188,-0.359935008175945,0.0201351202159427,-0.61630267830919,-0.0246885623126876,3,0,0,0,-0.00406232049740428,-11.7936178957736,0.000353057477757379,53.1046365105008
"S7310",7070360890,-0.290807635498788,-0.0847859555731837,-0.0835006375954991,-0.155836325677735,0.0333152833476299,3,0,0,0,-0.00441537797516166,-11.7936178957736,0,53.1046365105008
"S7334",7070360890,-0.69857838185279,-0.742216582569024,0.188645335232092,-0.117836051784748,-0.0271710827311089,4,0,0,0,-0.00441537797516166,-11.7936178957736,0,53.1046365105008
"S7422",2070513970,-0.503044087256011,-0.0399289477771823,-0.021809046800452,-0.452802777560716,0.0114966848823398,1,0.5,1,1,-0.00441537797516166,14.5287281373665,0,79.4269825436409
"S7577",7070453370,-1.02919075465798,-0.829079782283471,0.00565276295022722,-0.230561713396106,0.0247979780713741,5,0,0,0,-0.0042300417752951,25.1207911150179,0.000185336199866558,90.0190455212922
"S7681",7070453370,-0.566361943139326,-0.449033342726967,0.00786632404117514,-0.150823237734487,0.0256283132809531,7.5,0,0,0,-0.0042300417752951,25.1207911150179,0.000185336199866558,90.0190455212922
"S77",2070469050,-0.611192573954745,-0.186531742810218,-0.158357520198324,-0.265081844883803,-0.00122146606239917,3,0,0,0,-0.00270792208443884,18.6381900381701,0.00170745589072282,83.5364444444444
"S7765",7070453370,-0.81659481726823,-0.482112910228405,0.0310005000396006,-0.217735112887779,-0.147747294191648,9,0,0,0,-0.00430417625524173,25.1207911150179,0.000111201719919935,90.0190455212922
"S7793",7070453370,-0.493085819559581,-0.334345189805201,0.0806469871540105,-0.126230013364435,-0.113157603543956,7.5,0,0,0,-0.00430417625524173,25.1207911150179,0.000111201719919935,90.0190455212922
"S7824",7070453370,-0.377919652359616,-0.0350235975788722,-0.0349836420610183,-0.165006127200836,-0.142906285518889,8,0,0,0,-0.00441537797516166,25.1207911150179,0,90.0190455212922
"S7859",2070513970,-0.484227524802589,0.263796478557074,-0.0580349883601548,-0.359504878732237,-0.330484136267271,8.5,0.0303365480214754,10,2,-8.66859615984263e-05,14.5287281373665,0.00432869201356324,79.4269825436409
"S7868",5070070110,-0.541877729683215,-0.220975910047953,0.0313066079564212,-0.218734793538055,-0.133473634053628,7,0,2,1,-0.00310647745160145,-29.7803596694323,0.00130890052356021,35.1178947368421
"S7869",5070070110,-0.309431307775069,-0.0662353942900441,0.0424605682924487,-0.259449657984543,-0.0262068237929306,4,0.0842880193626462,12,1,-0.00441537797516166,-29.7803596694323,0,35.1178947368421
"S7870",5070070110,-0.272357336012968,-0.0106217851965938,0.0631521945785462,-0.383047317250334,0.0581595718554129,7,0,4,1,-0.00441537797516166,-29.7803596694323,0,35.1178947368421
"S7871",5070070110,-0.434842793086545,-0.208580692642102,-0.0351984317214834,-0.273991748361389,0.0829280796384298,4,0.029031612645058,7,2,-0.00376092771338156,-29.7803596694323,0.000654450261780105,35.1178947368421
"S7872",5070070110,-0.578642651907024,-0.13986170683438,-0.0590196151637223,-0.193230986435159,-0.186530343473763,4,0.140350877192982,8,2,NA,-29.7803596694323,NA,35.1178947368421
"S7951",7070327640,-0.124665872327258,-0.00589670551712527,0.03600857650923,-0.10288742104492,-0.0518903222744433,4,0,0,0,-0.00247086151158894,28.9169307789108,0.00194451646357272,93.8151851851852
"S7990",5070070110,-1.00571292600276,-0.214034990904807,-0.0814808277030685,-0.412121459792853,-0.298075647602034,5,0,0,0,-0.00441537797516166,-29.7803596694323,0,35.1178947368421
"S7991",5070070110,-1.0037129431408,0.220323392581932,-0.133930052938415,-0.456744932724961,-0.633361350059355,10,0.0059880239520958,7,2,-0.00408815284427161,-29.7803596694323,0.000327225130890052,35.1178947368421
"S7992",5070070110,-1.05119222212944,-0.289593843575139,-0.150317168838971,-0.238923015810914,-0.372358193904419,9.5,0.00378787878787878,6,1,-0.00441537797516166,-29.7803596694323,0,35.1178947368421
"S7993",5070070110,-1.24144287337643,-0.0402054323643021,-0.13381433257143,-0.395877718842857,-0.671545389597841,11.5,0.0166543483616654,12,2,-0.00387000275701157,-29.7803596694323,0.000545375218150087,35.1178947368421
"S7994",5070070110,-0.490656688288296,0.0781635086910026,-0.150491109838,-0.256139552024348,-0.162189535116951,6,0.214899713467049,15,2,NA,-29.7803596694323,NA,35.1178947368421
"S7995",5070070110,-0.947350258122446,-0.00426355277097687,-0.0871540943989268,-0.362285200380276,-0.493647410572267,11,0.038961038961039,12,4,-0.00441537797516166,-29.7803596694323,0,35.1178947368421
"S7996",5070070110,-0.881387171559443,-0.293803781454838,-0.0228791263822886,-0.304364733247658,-0.260339530474658,7,0.017995272883541,11,2,-0.00436084045334665,-29.7803596694323,5.45375218150087e-05,35.1178947368421
"S7997",5070070110,-0.674091503158047,-0.180097348038606,0.0543829416384934,-0.457509662541243,-0.0908674342166902,7,0.0174418604651163,10,3,NA,-29.7803596694323,NA,35.1178947368421
"S7998",5070070110,-0.581781378706446,-0.0507859485136042,-0.0679728470488892,-0.248194073326504,-0.214828509817449,7,0.0401459854014598,9,3,-0.00441537797516166,-29.7803596694323,0,35.1178947368421
"S7999",5070070110,-0.47132170293973,0.293454798986288,-0.0743425947169474,-0.307606130750835,-0.382827776458236,8.5,0.095040675844806,12,3,-0.00419722788790163,-29.7803596694323,0.000218150087260035,35.1178947368421
"S8000",5070070110,-0.786562678556593,-0.125824146538128,-0.0111543198332778,-0.320761284832458,-0.328822927352729,10,0,3,2,-0.00408815284427161,-29.7803596694323,0.000327225130890052,35.1178947368421
"S8001",5070070110,-0.827563454213083,-0.293060036611666,0.0496269461856468,-0.398272110139064,-0.185858253648,5,0,1,1,NA,-29.7803596694323,NA,35.1178947368421
"S8002",5070070110,-0.898788779882512,-0.0818050253297074,0.017817914002277,-0.474497994355208,-0.360303674199874,6,0.0645161290322581,11,3,-0.00441537797516166,-29.7803596694323,0,35.1178947368421
"S8004",7070453370,-0.499250281855048,-0.203686748042765,0.010266473487508,-0.184217690907904,-0.121612316391887,7.5,0,0,0,-0.00430417625524173,25.1207911150179,0.000111201719919935,90.0190455212922
"S8010",7070327640,-0.471285227998108,-0.234620054894795,-0.0113075752434027,-0.253970254806668,0.0286126569467587,3,0,0,0,-0.00321625948929181,28.9169307789108,0.00119911848586985,93.8151851851852
"S8037",5070070110,-0.491552847901422,0.117222374812112,0.0216721380821436,-0.303669162884239,-0.326778197911438,7,0,1,1,-0.00408815284427161,-29.7803596694323,0.000327225130890052,35.1178947368421
"S8038",5070070110,-0.666164346465607,-0.231437889423848,0.139999756662056,-0.275881871567449,-0.298844342136367,10,0.0114302088639837,7,3,-0.00387000275701157,-29.7803596694323,0.000545375218150087,35.1178947368421
"S8039",5070070110,-0.911427861695248,0.075984437484817,-0.0865159590850562,-0.337660017455552,-0.563236322639457,9,0.0602409638554217,12,3,-0.00414269036608662,-29.7803596694323,0.000272687609075044,35.1178947368421
"S8040",5070070110,-0.539619315522025,-0.231782248934766,-0.0738784161693567,-0.21619169480584,-0.0177669556120614,3,0,0,0,-0.00441537797516166,-29.7803596694323,0,35.1178947368421
"S8041",5070070110,-0.753827176056488,0.195559524795622,-0.0319571027519033,-0.268950952719043,-0.648478645381164,10,0.442768895348837,16,4,-0.00419722788790163,-29.7803596694323,0.000218150087260035,35.1178947368421
"S8042",5070070110,-0.655225624199833,0.0451210671084822,-0.148217006705756,-0.200163219206943,-0.351966465395616,8.5,0.117129646799936,14,2,-0.00414269036608662,-29.7803596694323,0.000272687609075044,35.1178947368421
"S8043",5070070110,-0.491140335387719,0.311315385855864,0.0327399025621166,-0.318539393892309,-0.51665622991339,10.5,0.236289828431373,15,3,-0.00441537797516166,-29.7803596694323,0,35.1178947368421
"S8044",5070070110,-0.0392481264057199,0.43619720524779,-0.0267507398610876,-0.201503973938657,-0.247190617853765,5,0.547826086956522,15,4,-0.00441537797516166,-29.7803596694323,0,35.1178947368421
"S8045",5070070390,0.216504203704639,0.430330480491299,0.110656032760404,-0.181604073750525,-0.142878235796538,7,0.648827952233525,16,4,-0.00441537797516166,-15.0295242475442,0,49.8687301587302
"S8046",5070070110,0.000201714515686032,0.148435467380434,0.175303935833076,-0.222258290904891,-0.101279397792933,5.5,0.768460929548796,16,4,NA,-29.7803596694323,NA,35.1178947368421
"S8047",5070070110,-0.723459566407254,0.0550325538857736,-0.12437340022964,-0.291327258452681,-0.362791461610706,7,0.212765957446809,13,4,-0.00441537797516166,-29.7803596694323,0,35.1178947368421
"S8048",5070070110,-0.732400413805483,-0.115737446782812,0.0315631354173525,-0.312894077986508,-0.335332024453516,7,0.0673575129533679,11,2,-0.00441537797516166,-29.7803596694323,0,35.1178947368421
"S8066",7070327640,-0.890662465569159,-0.991313212968366,0.127774950835377,-0.109715304656718,0.0825911012205476,3,0,0,0,-0.00332968961633356,28.9169307789108,0.0010856883588281,93.8151851851852
"S8076",7070327640,-1.174336611485,-1.23587322297749,0.0717904574566816,-0.0206089092799689,0.0103550633157786,2,0,0,0,-0.00368078286670085,28.9169307789108,0.000734595108460807,93.8151851851852
"S8090",5070457770,-0.287680491371618,0.132206556268241,-0.0203826028103812,-0.164104895008665,-0.235399549820813,8,0.490909090909091,13,1,-0.000378737701912166,-10.9655877396077,0.0040366402732495,53.9326666666667
"S8091",5070457770,-0.378405082769555,0.397737349484259,-0.0695204415376158,-0.412163424063324,-0.294458566652874,5,0.0111731843575419,10,2,0.00427892415183725,-10.9655877396077,0.00869430212699891,53.9326666666667
"S8092",5070457770,-0.346307609065962,0.231153424186648,0.0352686012632531,-0.426377141805731,-0.186352492710131,6,0,0,0,-0.00441537797516166,-10.9655877396077,0,53.9326666666667
"S8093",5070457770,-0.184342951544238,0.540879561151096,0.00423233755594599,-0.26368299792888,-0.4657718523224,9,0.482758620689655,14,4,0.00676301047383694,-10.9655877396077,0.0111783884489986,53.9326666666667
"S8095",5070457770,-0.399245372024158,0.384807162780191,-0.0609907175468989,-0.367842830697876,-0.355218986559574,6,0.393162393162393,15,3,-0.00379435639466174,-10.9655877396077,0.000621021580499922,53.9326666666667
"S81",2070469050,-0.909240079851007,-0.675376910772267,-0.0224653219484867,-0.215817975281297,0.00442012815104443,2,0,3,1,-0.00228105811175813,18.6381900381701,0.00213431986340353,83.5364444444444
"S8101",5070463700,-0.329539854256568,0.153372400179974,0.0919163466006345,-0.414172500834476,-0.160656100202701,9,0.125925925925926,9,3,-0.0028504327482446,-18.9382544062744,0.00156494522691706,45.96
"S8104",5070463700,-1.29424406260994,-0.0850816771162024,-0.049365667613106,-0.491390908454788,-0.668405809425848,7,0,0,0,-0.00441537797516166,-18.9382544062744,0,45.96
"S8105",5070463700,-0.926099842500933,0.00936625275401882,0.0167829498827644,-0.34141838023277,-0.610830664904946,10,0.0183654729109275,9,3,0.00184440293250657,-18.9382544062744,0.00625978090766823,45.96
"S8106",5070463700,-0.321837911424126,0.161129238456415,0.0554832161500556,-0.2603239236491,-0.278126442381497,9,0.0173913043478261,2,1,-0.00441537797516166,-18.9382544062744,0,45.96
"S8108",5070463700,-0.57114687846001,0.127618804726007,-0.0527064503874109,-0.210067898347472,-0.435991334451134,10,0.19404903889345,12,2,0.00340934815942363,-18.9382544062744,0.00782472613458529,45.96
"S8109",5070468810,-0.700960759208607,0.0849373200768661,-0.118735945983893,-0.259908716005701,-0.40725341729588,9,0.0153846153846154,4,1,-0.00126824972968566,14.2039678159479,0.003147128245476,79.1022222222222
"S8110",5070468810,-0.632571829160957,0.0674919445611271,0.00288053004437618,-0.342900872967117,-0.360043430799344,7,0.0183566433566433,7,1,0.00541939779195085,14.2039678159479,0.00983477576711251,79.1022222222222
"S8111",5070468810,-0.169499743728009,0.170910398231505,0.0567971131598101,-0.244896104151275,-0.15231115096805,5,0,0,0,-0.00441537797516166,14.2039678159479,0,79.1022222222222
"S8112",5070468810,-0.253125249277482,0.144822730036081,0.0499772443539335,-0.166687323762898,-0.281237899904599,8,0.555711610486891,10,2,-0.00271068350886216,14.2039678159479,0.0017046944662995,79.1022222222222
"S8114",5070468810,-0.387606839129679,0.261498756563672,-0.0509246326430247,-0.437768544298732,-0.160412418751595,4,0,0,0,-0.00231729247817766,14.2039678159479,0.002098085496984,79.1022222222222
"S8115",5070468810,-0.674869910541343,-0.0470237213611289,-0.199482968435849,-0.227484622767129,-0.200878597977237,5,0,0,0,-0.00441537797516166,14.2039678159479,0,79.1022222222222
"S8116",5070468810,0.114455038895585,0.558106897556692,-0.000798960021668568,-0.426194268040517,-0.0166586305989214,4,0.0987654320987654,13,2,-0.00231729247817766,14.2039678159479,0.002098085496984,79.1022222222222
"S8118",5070468810,-0.222971086379892,-0.0687799168423252,-0.0666661145993548,-0.0773257938420474,-0.0101992610961647,4,0.66804979253112,5,2,-0.00389085660091566,14.2039678159479,0.000524521374246001,79.1022222222222
"S8119",5070472260,-0.426008967094811,0.194872154012303,-0.0294052900303547,-0.265722007369207,-0.325753823707553,8,0.012987012987013,9,1,0.00776809073004617,-1.14103218405214,0.0121834687052078,63.7572222222222
"S8120",5070472260,-0.505595253066708,0.186101501738696,0.0156383367081054,-0.299904156485391,-0.40743093502812,10,0.0508512307333517,12,2,0.0123070300515942,-1.14103218405214,0.0167224080267559,63.7572222222222
"S8121",5070472260,-0.705899243383737,-0.166005721582823,-0.0571531344179565,-0.262925597939201,-0.219814789443756,8,0.0163934426229508,3,2,0.0013180190625832,-1.14103218405214,0.00573339703774486,63.7572222222222
"S8122",5070472260,-0.296672489495658,0.00605945193262111,-0.0970151743601513,-0.235568781394609,0.0298520143264816,4,0.407706178229097,9,2,-0.00202646254276797,-1.14103218405214,0.00238891543239369,63.7572222222222
"S8123",5070472260,-0.356778341819818,0.355393723796824,-0.0281793704247962,-0.223588714185455,-0.46040398100639,10.5,0.090119347243647,14,3,0.03285170277018,-1.14103218405214,0.0372670807453416,63.7572222222222
"S8125",5070472260,-0.424683460618676,0.0508908068000302,-0.0126009554185525,-0.186533671602274,-0.27643964039788,8,0.476923076923077,9,3,-0.00393759488868292,-1.14103218405214,0.000477783086478739,63.7572222222222
"S8126",5070472260,-0.459229570146073,0.319136872715411,-0.15105269067069,-0.396414174186499,-0.230899578004295,6,0.421188630490956,13,4,-0.00441537797516166,-1.14103218405214,0,63.7572222222222
"S8127",5070472260,-0.764357129959582,-0.271560540879565,-0.123944184971166,-0.252243781707892,-0.116608622400959,7,0.481865284974093,7,3,-0.00202646254276797,-1.14103218405214,0.00238891543239369,63.7572222222222
"S8128",5070070390,-0.500920653979131,0.0271082463197967,-0.0105552448222874,-0.260971936078087,-0.256501719398554,5,0,0,0,-0.00441537797516166,-15.0295242475442,0,49.8687301587302
"S8129",5070070390,-0.410245206477792,-0.154440723390144,0.0655830705676867,-0.2585345850551,-0.0628529686002349,4,0.704103289706403,16,5,-0.00441537797516166,-15.0295242475442,0,49.8687301587302
"S8130",5070070390,-0.477171695582081,0.147563799942656,0.0779565969845943,-0.408452062447506,-0.294240030061825,7,0.418613707165109,14,4,-0.00105403343734654,-15.0295242475442,0.00336134453781513,49.8687301587302
"S8131",5070070390,0.0548048797900234,0.242642166149995,0.104279408363791,-0.413984985966661,0.121868291242898,3,0.943262411347518,13,4,-0.00441537797516166,-15.0295242475442,0,49.8687301587302
"S8132",5070070390,-0.522085054897626,0.32207667642219,-0.0959427149589291,-0.255300748831982,-0.492918267528905,8,0.656691672102631,16,6,-0.00441537797516166,-15.0295242475442,0,49.8687301587302
"S8133",5070457770,-0.134081281870728,0.177744912912244,-0.025049594905335,-0.279030919367773,-0.00774568050986388,6,0.0340909090909091,10,1,0.0216675284058351,-10.9655877396077,0.0260829063809967,53.9326666666667
"S8134",5070463700,-0.682465461296903,0.0467626141468425,-0.110783803401649,-0.248241732863798,-0.370202539178298,7,0,0,0,-0.00441537797516166,-18.9382544062744,0,45.96
"S8135",5070070390,-0.159151751009438,0.240913442916126,-0.15662477224675,-0.177671392107345,-0.0657690295714692,4,0.768400669876492,14,5,-0.00441537797516166,-15.0295242475442,0,49.8687301587302
"S8136",5070472260,-0.374032179765688,0.173511959583812,-0.0698607273811109,-0.199299482473705,-0.278383929494684,8,0.371794871794872,15,4,0.0123070300515942,-1.14103218405214,0.0167224080267559,63.7572222222222
"S8137",5070468810,-0.243743099089788,0.194091186654304,-0.0299612477762157,-0.21646881847535,-0.191404219492526,4,0,0,0,-0.000219206981193657,14.2039678159479,0.004196170993968,79.1022222222222
"S8138",5070463700,-0.55978265443797,0.259501329810161,-0.0368639320988077,-0.302138159235216,-0.480281892914107,6,0.00952380952380952,1,1,-0.000894251214598281,-18.9382544062744,0.00352112676056338,45.96
"S8140",7070453370,-0.906041747215623,-0.611870759137934,0.103085283089325,-0.200712077678678,-0.196544193488336,10.5,0,0,0,-0.00430417625524173,25.1207911150179,0.000111201719919935,90.0190455212922
"S8170",7070453370,-0.28114774344539,-0.0978047072574069,0.08034081500406,-0.137755961705349,-0.125927889486693,12,0,0,0,-0.00441537797516166,25.1207911150179,0,90.0190455212922
"S8188",5070070440,-0.476812708925079,-0.0643211318167954,0.00427181928096111,-0.232108567685297,-0.184654828703948,6,0,0,0,-0.00233745589723958,43.3049034884625,0.00207792207792208,108.203157894737
"S8189",5070070440,-0.700523180522253,-0.23243111352025,-0.0717212356453343,-0.256260635050964,-0.140110196305705,6,0,0,0,-0.00233745589723958,43.3049034884625,0.00207792207792208,108.203157894737
"S8190",5070070440,-0.179705327688159,0.181711557035801,0.0262224300155694,-0.172377247345406,-0.215262067394123,9,0.0087719298245614,6,2,0.0125326739728903,43.3049034884625,0.0169480519480519,108.203157894737
"S8191",5070070440,-0.65604807638031,-0.00973577627298215,-0.0213130796170998,-0.278647979715034,-0.346351240775195,6,0.422018348623853,15,2,-0.00441537797516166,43.3049034884625,0,108.203157894737
"S8192",5070070440,-0.34144458992036,-0.0118134897449221,0.028372784321239,-0.189500674013799,-0.168503210482879,9.5,0.0231372549019608,7,1,0.00311708955730587,43.3049034884625,0.00753246753246753,108.203157894737
"S8193",5070070440,-0.728909182006402,-0.29245499567925,-0.0969104456247157,-0.443599746601267,0.104056005898831,3.5,0,0,0,-0.00259719615697984,43.3049034884625,0.00181818181818182,108.203157894737
"S8194",5070070440,-0.568412141812545,-0.168533104695389,-0.03465164606128,-0.190685513036416,-0.17454187801946,5,0.0152671755725191,1,2,-0.00259719615697984,43.3049034884625,0.00181818181818182,108.203157894737
"S8195",5070070440,-0.31814922560443,0.232032651363193,-0.0107070105877785,-0.217468231986802,-0.322006634393042,9,0.176470588235294,13,3,0.0327274791676955,43.3049034884625,0.0371428571428571,108.203157894737
"S8196",5070070440,-0.405994736492287,0.0203500871879966,0.0317646778805456,-0.240220482592836,-0.217889018967993,5,0.625,12,3,-0.00318161174139543,43.3049034884625,0.00123376623376623,108.203157894737
"S8198",5070070440,-0.776845903731028,-0.153039428390651,-0.0629101157573798,-0.249554622154536,-0.311341737428462,8,0,5,2,-0.00331148187126556,43.3049034884625,0.0011038961038961,108.203157894737
"S8199",5070070440,-0.0218640964763167,0.261550645800511,0.0802517355459701,-0.169332144964032,-0.194334332858766,7,0.0101533535557802,9,2,-0.00441537797516166,43.3049034884625,0,108.203157894737
"S8200",5070070440,-0.944883864811684,0.28003914968021,-0.079427988387235,-0.41888753967762,-0.726607486427039,9,0.0579710144927536,12,3,0.00103916747938379,43.3049034884625,0.00545454545454545,108.203157894737
"S8201",5070070440,-0.900946313812208,-0.0147379577839915,-0.138968056553281,-0.368993535632944,-0.378246763841991,6,0.0108695652173913,7,2,-0.00363615719594088,43.3049034884625,0.000779220779220779,108.203157894737
"S8202",5070070440,-0.310088420261144,0.337382202949496,-0.025022276362908,-0.332614923769431,-0.289833423078302,5,0.0203057811753464,10,1,-0.00233745589723958,43.3049034884625,0.00207792207792208,108.203157894737
"S8203",5070070440,-0.341262792878056,-0.00956993757298146,0.043916720251439,-0.29124335019345,-0.0843662253630633,4,0,0,0,-0.00441537797516166,43.3049034884625,0,108.203157894737
"S8204",5070070440,0.0453577042790992,0.0626762258852395,0.186399169336557,-0.230656744456086,0.026939053513388,5,0.876344086021505,13,5,-0.00441537797516166,43.3049034884625,0,108.203157894737
"S8205",5070070440,-0.810565653327643,-0.00584439536216349,-0.00260693902589243,-0.41004432075481,-0.392069998184777,7,0.12807881773399,13,5,-0.00441537797516166,43.3049034884625,0,108.203157894737
"S8206",5070070440,-0.169155659591306,0.142309350662394,0.0791220429890727,-0.171690920909836,-0.218896132332936,9,0.522988505747126,11,3,0.0110391674793838,43.3049034884625,0.0154545454545455,108.203157894737
"S8214",5070070440,-0.319662858174529,-0.133232642907906,0.0200849320747026,-0.234002144559416,0.0274869972180904,4,0.550123936490923,10,6,-0.00441537797516166,43.3049034884625,0,108.203157894737
"S8215",5070070440,-0.934785314510319,0.0440788053783887,-0.0576808586524884,-0.396675140143777,-0.524508121092443,5,0.803738317757009,9,6,-0.00441537797516166,43.3049034884625,0,108.203157894737
"S8216",5070070440,0.253942542755254,0.246543035454262,0.200682502675953,-0.34574456469671,0.152461569321749,6.5,0.581088055410855,12,6,-0.00389589745568114,43.3049034884625,0.000519480519480519,108.203157894737
"S823",2070553970,-1.00214098634788,-0.754080679473681,-0.181174092897368,-0.506361623960683,0.43947540998385,2,0,0,0,-0.00441537797516166,28.2044122603923,0,93.1026666666667
"S8236",7070327640,-1.77299639582378,-1.45693499616297,-0.00661874422446645,-0.311732788408887,0.00229013297254406,2,0,0,0,-0.00368078286670085,28.9169307789108,0.000734595108460807,93.8151851851852
"S8238",5070070450,-0.675876697360932,-0.174312799275872,-0.0791790445001315,-0.194572122903062,-0.227812730681867,8,0,0,0,-0.00441537797516166,-34.9265877396077,0,29.9716666666667
"S8239",5070070450,-0.859592697964504,-0.0967142917177684,-0.171334311769912,-0.255032506482266,-0.336511587994558,9,0.163661131292164,16,2,NA,-34.9265877396077,NA,29.9716666666667
"S8240",5070070450,-0.510987644114959,-0.0993211088284229,-0.0434583563749515,-0.162081135941913,-0.206127042969672,9,0.0279166396156593,13,1,-0.00434893720710638,-34.9265877396077,6.64407680552787e-05,29.9716666666667
"S8241",5070070450,-0.615653892167509,-0.123437917496743,-0.131500353318598,-0.214924982802951,-0.145790638549218,8,0.0660377358490566,8,1,-0.00348520722238776,-34.9265877396077,0.000930170752773902,29.9716666666667
"S8242",5070070450,-0.852177167748767,0.0508186374370192,-0.0494299195381402,-0.270837521643986,-0.58272836400366,13,0.351364522417154,16,3,-0.00302012184600081,-34.9265877396077,0.00139525612916085,29.9716666666667
"S8243",5070070450,-0.659248521232466,0.159919823135665,-0.0967732812061356,-0.280412180002345,-0.44198288315965,9,0.551136363636364,13,3,-0.00414961490294055,-34.9265877396077,0.000265763072221115,29.9716666666667
"S8244",5070070450,-0.633374605235054,-0.231956737381604,-0.0646131674330995,-0.255300973696664,-0.0815037267236864,3,0,0,0,-0.00441537797516166,-34.9265877396077,0,29.9716666666667
"S8245",5070070450,-0.843757062265123,0.044096378415517,0.0303782466583681,-0.405683455036666,-0.512548232302342,8,0.0191756272401434,8,1,-0.00302012184600081,-34.9265877396077,0.00139525612916085,29.9716666666667
"S8246",5070070450,-1.29573627007209,-0.337810877411342,-0.0732364195107162,-0.407689582072842,-0.476999391077193,7.5,0.0304054054054054,12,2,-0.00441537797516166,-34.9265877396077,0,29.9716666666667
"S8247",5070070450,-0.777032492142044,-0.0761093136733169,0.00702164080042696,-0.291674127852878,-0.416270691416276,7,0.0373134328358209,14,2,-0.00441537797516166,-34.9265877396077,0,29.9716666666667
"S8248",5070070450,-0.941834415646487,-0.13747451428461,-0.00280663709552764,-0.341608877424207,-0.459944386842142,9,0.12037037037037,9,1,-0.00441537797516166,-34.9265877396077,0,29.9716666666667
"S8249",5070070450,-0.638283220984214,-0.224612357291199,-0.124124160393041,-0.23749738567393,-0.0520493176260435,6,0,2,1,-0.00441537797516166,-34.9265877396077,0,29.9716666666667
"S8250",5070070450,-0.985012649046747,-0.51772606826838,0.030867175107523,-0.318397959406299,-0.179755796479591,8,0.155688622754491,1,1,NA,-34.9265877396077,NA,29.9716666666667
"S8258",7070327640,-1.55111849708633,-1.40199037523336,-0.00851171505037785,-0.152580050173132,0.0119636433705371,2,0,0,0,-0.00404267898631022,28.9169307789108,0.000372698988851439,93.8151851851852
"S8267",7070327640,-1.66002619046882,-1.4074564081168,0.00151043336589987,-0.26909659846972,0.0150163827518015,2,0,0,0,-0.00441537797516166,28.9169307789108,0,93.8151851851852
"S8269",7070327640,-1.50007567519808,-1.24002809446995,-0.0538590074360428,-0.335623305617222,0.129434732325137,2,0,0,0,-0.00441537797516166,28.9169307789108,0,93.8151851851852
"S8314",7070327640,-0.809641120082869,-0.346333191083487,0.0276338922468897,-0.240857691554988,-0.250084129691283,4,0,0,0,-0.00375100151677431,28.9169307789108,0.000664376458387348,93.8151851851852
"S832",2070553970,-0.932890694643724,-0.341181880236745,-0.0262957623892373,-0.262999360306096,-0.302413691711647,5,0,0,0,-0.00189046103164007,28.2044122603923,0.00252491694352159,93.1026666666667
"S8322",7070327640,-1.17835114479451,-1.00265514403879,-0.143592707012366,-0.072464537226329,0.0403612434829825,2,0,0,0,-0.00441537797516166,28.9169307789108,0,93.8151851851852
"S8333",7070327640,-0.669146970840412,-0.676383358402518,0.0328960680621671,-0.0286622776779479,0.0030025971778867,2,0,0,0,-0.00441537797516166,28.9169307789108,0,93.8151851851852
"S8399",2070513970,-0.215918513313809,0.472200499937517,-0.0549509551570292,-0.488811524535147,-0.144356533559149,3,0.184615384615385,6,2,-0.00253961143595093,14.5287281373665,0.00187576653921074,79.4269825436409
"S8538",7070453370,-0.0060232032336252,0.444455713594056,-0.0434819685575658,-0.293039345920258,-0.113957602349857,6,0.0102040816326531,7,2,-0.0042300417752951,25.1207911150179,0.000185336199866558,90.0190455212922
"S8758",2070514170,0.0706527332506404,0.295931307850981,-0.0339676675709369,-0.205770010323001,0.014459103293597,5,0.138613861386139,5,5,-0.00441537797516166,-12.546489700392,0,52.3517647058824
"S8886",2070513970,-0.746460573264814,-0.288182414546502,-0.0126454387194001,-0.213693699144895,-0.231939020854017,5,0,2,2,-0.00253961143595093,14.5287281373665,0.00187576653921074,79.4269825436409
"S8918",7070451570,-0.324766832263962,-0.173968864374393,-0.0229107703210856,-0.133141575783456,0.00525437821497183,6.5,0,0,0,0.0139754266225395,-30.8933905930448,0.0183908045977011,34.0048638132296
"S8945",7070451570,-0.160613488233639,0.128585950903538,-0.0701036520810085,-0.142392396599041,-0.0767033904571277,4,0,0,0,-0.00441537797516166,-30.8933905930448,0,34.0048638132296
"S8958",7070451570,-1.74062738460223,-1.24696972277694,0.0381046191255577,-0.4991446036109,-0.0326176773399433,4,0,0,0,0.00707887489840156,-30.8933905930448,0.0114942528735632,34.0048638132296
"S8971",7070451570,-0.133763872058352,0.0228111338334902,-0.03834392247919,-0.141768029630838,0.0235369462181859,3,0,0,0,-0.00441537797516166,-30.8933905930448,0,34.0048638132296
"S9006",7070451570,-0.0398466965998162,-0.0943279618190274,0.0569153572746295,-0.00411363693225354,0.00167954487683524,3.5,0,0,0,-0.00441537797516166,-30.8933905930448,0,34.0048638132296
"S9017",2070514170,-0.090340791383358,0.195510226162413,0.0349626059897514,-0.205414814174358,-0.115398809361165,9,0.24702380952381,10,5,0.00520319582251661,-12.546489700392,0.00961857379767828,52.3517647058824
"S9069",7070453370,-1.10782046766607,-0.556396757549372,-0.0109963737274389,-0.176081645867374,-0.364345690521884,13.5,0.0145888594164456,4,1,-0.00441537797516166,25.1207911150179,0,90.0190455212922
"S9116",7070453370,-0.143283048312422,0.257923675357786,0.0309918588202056,-0.608993272673822,0.176794690183409,3.5,0,0,0,-0.00441537797516166,25.1207911150179,0,90.0190455212922
"S9153",7070546670,-0.82244596115487,0.00872738492118634,-0.154883365582639,-0.177538614736692,-0.498751365756726,21,0.00319488817891373,12,1,0.0290701623596937,-60.5554766284966,0.0334855403348554,4.34277777777778
"S9161",2070514170,-0.104310907690747,0.351351265743031,-0.083757075807653,-0.166193123883367,-0.205711973742758,7,0.285714285714286,9,3,0.00221812119565094,-12.546489700392,0.0066334991708126,52.3517647058824
"S9171",7070453370,-0.240726210309907,-0.0414897408120153,-0.016408586106147,-0.100596355683667,-0.0822315277080776,10,0,1,1,-0.00367403317569543,25.1207911150179,0.000741344799466232,90.0190455212922
"S9210",7070453370,-0.963892862219716,-0.450065126080884,0.15126375256332,-0.292608544411331,-0.372482944290821,10.5,0,0,0,-0.00441537797516166,25.1207911150179,0,90.0190455212922
"S9237",7070453370,-0.466580450179788,-0.359452192121512,0.183582402888761,-0.166858913414298,-0.123851747532739,9,0.0136986301369863,1,1,-0.00374816765564205,25.1207911150179,0.000667210319519609,90.0190455212922
"S9250",7070453370,-0.50792540932106,-0.331790939710473,0.0705363875181434,-0.0997689104005815,-0.146901946728149,11,0,0,0,-0.00385936937556199,25.1207911150179,0.000556008599599674,90.0190455212922
"S9265",7070453370,-0.93028531009335,-0.702716203448232,0.00322138123198127,-0.10488385393935,-0.125906633937748,9.5,0,0,0,-0.00441537797516166,25.1207911150179,0,90.0190455212922
"S9310",2070513970,-0.793701259203102,0.10500603700223,0.0576379768113853,-0.445779565219972,-0.510565707796746,10.5,0.101504301752177,8,5,-0.00311677037109269,14.5287281373665,0.00129860760406897,79.4269825436409
"S9432",7070453370,-1.17092184128909,-0.545264148532174,-0.143075148344756,-0.519161339777969,0.036578795365808,6.5,0.0492576243980738,4,1,-0.00441537797516166,25.1207911150179,0,90.0190455212922
"S9443",2070513970,-0.888740299511852,-0.22113293063429,-0.100964818522721,-0.235133857684422,-0.331508692670419,10,0.0297872340425532,5,3,-0.00441537797516166,14.5287281373665,0,79.4269825436409
"S9555",7070453370,-0.904605959589641,-0.821052875464335,0.298030824935429,-0.391979943926342,0.0103960348656084,6.5,0.0463425715583825,4,1,-0.00441537797516166,25.1207911150179,0,90.0190455212922
"S9566",7070453370,-0.982379113743443,-0.515618572939354,0.0204217485598224,-0.23535500781872,-0.25182728154519,5,0.0188679245283019,2,1,-0.00441537797516166,25.1207911150179,0,90.0190455212922
"S9578",2070513970,0.061447462048122,0.166198698605337,-0.0824446392902677,-0.0647289746530457,0.0424223773860986,5,0.0105536165105467,5,3,-0.00239532170216549,14.5287281373665,0.00202005627299618,79.4269825436409
"S9585",7070453370,-0.489424723193018,-0.520390752058551,0.0989946635900437,-0.0530698411313061,-0.0149587935932045,5,0,1,1,-0.00441537797516166,25.1207911150179,0,90.0190455212922
"S9718",2070513970,-0.474110189608041,0.191883757043545,0.095324328102762,-0.433219383681912,-0.328098891072435,6,0.0702824133504493,7,4,-0.00369392930623446,14.5287281373665,0.000721448668927206,79.4269825436409
